RAGIONE SOCIALE; INDIRIZZO;PROVINCIA;COMUNE;CAP;TELEFONO;WHATSAPP;EMAIL;SITO INTERNET;DETAILS LINK
Sercos Servizi Costruzioni;Galleria del Corso, 2;MI;Milano;51557;0363 904318;;ufficiotecnico@sercos-spa.com;http://www.sercos-spa.it;https://www.paginegialle.it/sercos
C.E.I.R. SERVICE;Via De Sanctis Francesco, 33;MI;Milano;51557;335 6133444, 351 9504627;335 6133444;info@ceirservice.com;https://www.ceirservicesrls.it;https://www.paginegialle.it/ceirservice
Edil Piazzatorre;Via Garofalo, 44;MI;Milano;51557;02 26680647;;edilpiazzatorre@edilpiazzatorre.it;https://www.edilpiazzatorre.com;https://www.paginegialle.it/edil-piazzatorre
Impresa Edile Nicholas - Idraulica Ristrutturazioni di VirzÃ¬ Antonino;Via Populonia, 8;MI;Milano;51557;335 6840381, 02 36753755;335 6840381;info@impresaedilenicholas.it;https://www.nicholasidraulicoristrutturazioni.it;https://www.paginegialle.it/impresaedilemilanonicholas
Facilix - Servizi per Le Aziende Facilities Services;Via Fontana, 25;MI;Milano;51557;348 8463733;;info@facilix.it;https://www.cooplabitalia.com;https://www.paginegialle.it/coop-lab-italia-multi-servizi-per-le-aziende-lucca
Archingegno;Via Col del Rosso, 4;MI;Milano;51557;02 87197645, 095 8998879, 328 3615990;328 3615990;info@archingegnose.com;http://www.archingegnosrl.com;https://www.paginegialle.it/archingegno
Spes srl;Piazza Vetra, 17;MI;Milano;51557;320 3232029;320 3232029;soc.spessrl@gmail.com;;https://www.paginegialle.it/spes
Immobiliare Coserco;Via Alessandro Astesani, 8;MI;Milano;51557;02 6480819;;info@cosercosrl.it;;https://www.paginegialle.it/immobiliarecoserco
Botta  Impresa Edile;Via Emilio De Marchi, 4;MI;Milano;51557;02 67101004;;info@impresabotta.it;http://www.impresabotta.it/;https://www.paginegialle.it/edilizia-botta-milano
Edil Nastasi;Via Alcide De Gasperi, 4;MI;Sedriano;79150;339 3868582;339 3868582;info@edil-nastasi.it;https://www.edil-nastasi.it/;https://www.paginegialle.it/edil-nastasi-sedriano
Idraulica Messina S.r.l. â Idraulico Settimo Milanese;Via AndrÃ©-Marie AmpÃ¨re, 6;MI;Settimo Milanese;80290;349 2169082, 02 68854784;349 2169082;idraulicamessinasrl@gmail.com;https://www.idraulicamessina.it;https://www.paginegialle.it/idraulicamessinasettimomilanese
Edilstrade - Impresa Edile;Via Ca' Basi, 23;BG;Peia;61570;035 731067, 348 3024444;348 3024444;edilstrade.moro@gmail.com;http://www.edilstrade.eu/certificazioni/;https://www.paginegialle.it/edilstrade-srl
Redal;Via Monti Vincenzo, 16;VA;Saronno;78080;02 9605314, 02 96704101;;info@redalcostruzioni.it;http://www.redalcostruzioni.it;https://www.paginegialle.it/redalcostruzioni
Stocco Ristrutturazioni Srl;Via Bologna, 220;TO;Torino;84588;011 2476564, 391 4384520, 347 5849784;391 4384520;info@stocco-online.it;https://www.stoccohomerenovation.com;https://www.paginegialle.it/stoccoristrutturazioni
Transitaly;Via Giovanni Falcone, 4/H;BA;Triggiano;86300;342 5741170, 392 0676220;342 5741170;transitalypuglia@gmail.com;https://www.transitalypuglia.it;https://www.paginegialle.it/traslochi-bari-transitaly
A.Br Ristrutturazioni;Viale Monte Nero, 44;MI;Milano;51557;02 55015558;;abr@abrristrutturazioni.it;http://www.abrristrutturazioni.it;https://www.paginegialle.it/abr-ristrutturazioni-milano
R.C.M. Restauro Consolidamento Manutenzione;Via Giacomo Zanella, 48/3;MI;Milano;51557;02 70009026;;info@rcmmilano.it;http://www.rcmmilano.it;https://www.paginegialle.it/rcm-restauro-consolidamento-manutenzioni-milano
Fondiaria San Giorgio Srl;Piazza Duse Eleonora, 2;MI;Milano;51557;335 400984;335 400984;fondiariasangiorgio@gmail.com;;https://www.paginegialle.it/fondiaria-san-giorgio-milano
Fly Original Lavori Verticali su Fune;Via Roberto Cozzi, 30;MI;Milano;51557;02 6427209, 02 66112881, 02 66113624, 346 6681441;346 6681441;info@flyoriginal.it, flyoriginal@legalmail.it;https://www.lavoriverticalisucorda.it;https://www.paginegialle.it/lavoriverticalisucorda
Ideoteca;Via Tagliamento, 7;MI;Milano;51557;346 8099280;346 8099280;antonella@ideoteca.it;https://www.ideoteca.it;https://www.paginegialle.it/ideoteca-ristrutturazioni-milano
Ge.Bau Edilizia;Via Chiesa Rossa, 277;MI;Milano;51557;02 39297160, 02 89302497;;info@gebauedilizia.it;https://www.gebauedilizia.eu;https://www.paginegialle.it/gebauedillizia
Codeco  Compagnia delle Costruzioni;Via Brunetti Angelo, 9;MI;Milano;51557;02 33404242;;staff@codeco.it;https://www.codeco.it;https://www.paginegialle.it/codeco-compagnia-delle-costruzioni-milano
Isole Gessi;Via Antonio di RudinÃ¬, 16;MI;Milano;51557;389 6819710;389 6819710;isolegessi2020@gmail.com;https://www.isolegessi.eu;https://www.paginegialle.it/isole-gessi-esperti-posatori-cartongesso
Impresa Edile Edilfalco;Via Daniele Ricciarelli, 15;MI;Milano;51557;02 4078060;;edilfalco.fg@libero.it;;https://www.paginegialle.it/impresa-edile-edilfalco-milano-mi
Imbianchino Milano;Via Achille Fontanelli, 10;MI;Milano;51557;366 2197861;366 2197861;cristhian.p.jordan@gmail.com;http://www.imbianchinoamilano.net;https://www.paginegialle.it/imbianchino
Il Mondo dei Servizi di Martin Stock Coop Soc;Via Serviliano Lattuada, 27;MI;Milano;51557;348 9180759, 335 6112780;335 6112780;ilmondodeiservizi@libero.it;http://www.ilmondodeiservizimartin.com;https://www.paginegialle.it/il-mondo-dei-servizi-milano-mi
Impresa Riccardi;Via Begoglio, 31;PV;Santa Maria della Versa;75500;0385 79012;;impresariccardi@virgilio.it;https://www.impresariccardi.com;https://www.paginegialle.it/impresariccardi
Fustinoni Andrea E Figli S.p.a.;Via Arturo Toscanini, 21;BG;AlmÃ¨;11760;035 541712;;info@fustinonispa.it;https://www.impresafustinoni.com;https://www.paginegialle.it/fustinoni
Idria Ponteggi;Via San Bernardo, 43;MI;Bollate;17480;347 9059047;347 9059047;idriaponteggisrls@gmail.com;https://www.idriaponteggi.it;https://www.paginegialle.it/idriaponteggi
C.M.B. Cooperativa Muratori e Braccianti di Carpi;Via Antonio Cechov, 50;MI;Milano;51557;02 3347941;;commerciale.centrale@cmbcarpi.it;https://www.cmbcarpi.com/contatti-sede-milano;https://www.paginegialle.it/cmb-01-d8725efa-8cfe-4d05-b901-16deaadfa269
L'arte di Abitare - ristrutturazioni Milano;Via Cenisio, 42;MI;Milano;51557;02 39310014, 335 8156150;335 8156150;info@artediabitare.com;https://www.artediabitare.com/;https://www.paginegialle.it/l-arte-di-abitare-milano
Abitare il Tempo;Via Vipacco, 4;MI;Milano;51557;02 2551929, 02 27003188, 339 2268863;339 2268863;abitaretempo.sas@libero.it;https://www.abitareiltemposas.it;https://www.paginegialle.it/abitare-il-tempo-milano-mi
Loreto Ristrutturazioni;Via Pordenone, 13;MI;Milano;51557;328 3040480;328 3040480;miricekaj@gmail.com;;https://www.paginegialle.it/loreto-ristrutturazioni-mi
Ares Costruzioni Ristrutturazioni e Manutenzioni;Via Teodosio, 80;MI;Milano;51557;02 82101013, 349 2806314, 345 8541648;349 2806314;ares.costruzionisrls@gmail.com;https://www.arescostruzionimilano.com;https://www.paginegialle.it/arescostruzioni
Ristrutturazioni edili Niguarda Diviggiano Giuseppe;Via Monzambano, 11;MI;Milano;51557;351 7465745;351 7465745;gdiviggiano@libero.it;;https://www.paginegialle.it/ristrutturazioniedilidiviggianogiuseppe
Edilizia Macari;Via Francesco Paolo Michetti, 11;MI;Milano;51557;333 9554477;333 9554477;ediliziamacari@gmail.com;http://www.ediliziamacari.com;https://www.paginegialle.it/edilizia-macari-milano
Nuova Edil Co.Ri.;Via Menabrea, 6;MI;Milano;51557;02 683129;;info@nuovaedilcori.it;https://www.nuovaedilcori.com;https://www.paginegialle.it/nuovaedilcori
Rd Service Idraulico;Piazzale Loreto, 9;MI;Milano;51557;392 4428734;392 4428734;;http://www.idraulicomilano.eu;https://www.paginegialle.it/rdservice_loreto
Impresa edile ABM costruzioni;Via Giambellino, 84;MI;Milano;51557;333 8486699, 02 23176645;333 8486699;abm.costruzioni2023@libero.it;https://www.abmcostruzionimilano.it;https://www.paginegialle.it/abm-costruzioni-milano
Edil Casabella Milano;Viale Umbria, 15;MI;Milano;51557;02 55010693, 328 7391009;328 7391009;edilcasabella.milano@gmail.com;http://www.edilcasabella.it/contatti.html;https://www.paginegialle.it/edilcasabellamilano
Posa pavimenti Affori Abdou;Via Don Bartolomeo Grazioli, 28;MI;Milano;51557;320 5595891;320 5595891;abdoupavimenti@gmail.com;;https://www.paginegialle.it/posa-pavimenti-affori-imprese-edili-rm
Impresa Edil Giovanelli;Via Anassagora, 31;MI;Milano;51557;02 2571730;;egi@edilgiovanelli.it;http://www.edilgiovanelli.it;https://www.paginegialle.it/impresa-edile-edil-giovanelli-milano
Costruzioni Generali;Via dell'Orso, 68;MI;Milano;51557;02 83623283, 371 6449397;371 6449397;costruz.generali@blu.it;https://www.costruzionigeneralitalia.com;https://www.paginegialle.it/costruzionigeneralisrl-imprese-edili-mi
Nuova La Ristrutturazione - Impresa di Ristrutturazioni a Milano;Via Induno Fratelli, 26;MI;Milano;51557;02 83542929;;;https://www.nuovalaristrutturazione.it;https://www.paginegialle.it/nuovalaristrutturazione
Tridente Ristrutturazioni e Design;Via Ripamonti Giuseppe, 16;MI;Milano;51557;328 1833799;328 1833799;info@ristrutturazionitridente.it;https://www.ristrutturazionitridente.it;https://www.paginegialle.it/tridente-imprese-edili-mi
Z48 Architetti Associati Esposito & Partners;Via Giacomo Zanella, 48/3;MI;Milano;51557;02 70120079;;info@z48architettiassociati.it;http://www.z48architettiassociati.it;https://www.paginegialle.it/z47architettiassociati
C.M. EDILE;Via dei Larici, 30;MI;Milano;51557;389 8828857;389 8828857;martinezcristhian1983@gmail.com;;https://www.paginegialle.it/cm-edile-impresa-edile-mi
Cobe Immobiliare;Via Marcona, 11;MI;Milano;51557;345 0274900;345 0274900;cobeimmobilaresrl@gmail.com;;https://www.paginegialle.it/cobe-immobilare-milano
Edil Montenero;Via Lago di Nemi, 25;MI;Milano;51557;02 55019862;;segreteria@edilmontenero.it;http://edilmontenero.it;https://www.paginegialle.it/edil-montenero-milano
Elsayed Ahmed Elhabasha;Via Federico Tesio, 15;MI;Milano;51557;338 2456514;338 2456514;elsayedahmed@gmail.com;;https://www.paginegialle.it/elsayed-ahmed-elhabasha-impresa-edile--milano
Internazionale Gruppo;Via Giacomo Antonini, 62;MI;Milano;51557;371 5669813;371 5669813;internazionalegroup@libero.it;;https://www.paginegialle.it/internazionale-gruppo-milano
Martins Coelho Gilberto;Via Benefattori dell'Ospedale, 3;MI;Milano;51557;380 2672674;380 2672674;coelho_gmc@hotmail.com;;https://www.paginegialle.it/martins-coelho-gilberto-mi
Multiservice di Armua Hector Ricardo;Via De Ruggiero Guido, 29;MI;Milano;51557;388 1560501;388 1560501;rdcmultiservice@libero.it;;https://www.paginegialle.it/rdcmultiservice
Tharwat Elwan;Via Padova, 5;MI;Milano;51557;331 8394119;331 8394119;elwantharwat@gmail.com;;https://www.paginegialle.it/tharwat-elwan-milano
Tito Parquet Srls;Largo Tel Aviv, 11;MI;Milano;51557;389 8323650;389 8323650;titoparquetsrl@gmail.com;https://www.facebook.com/TitoParquet;https://www.paginegialle.it/tito-parquet-milano
Etica Construction;Viale Bianca Maria, 19;MI;Milano;51557;039 9280225;;eticaconstruction@gmail.com;https://www.eticaconstruction.it/;https://www.paginegialle.it/etica-construction-imprese-edili-mi
Mt Studio;Viale Coni Zugna, 5;MI;Milano;51557;02 83968551;;mtstudiosrl@virgilio.it;https://www.mtstudiosrl.it;https://www.paginegialle.it/mt-studio
Ditta Artigiana Tobar;Via Luigi Federico Menabrea, 26;MI;Milano;51557;328 1488798;328 1488798;ermen.tobar@gmail.com;https://ditta-artigana-tobar.business.site/;https://www.paginegialle.it/ditta-artigiana-tobar-milano
Edilizia Stella;Via G. Leopardi, 10;MI;Milano;51557;335 5214493;335 5214493;ediliziastellasrl@live.it;https://www.ediliziastella-milano.it;https://www.paginegialle.it/edilizia-stella-mi
So.Geo;Via Giovanni Pastorelli, 7;MI;Milano;51557;02 468897;;sogeo@sogeo.it;http://www.sogeo.it/;https://www.paginegialle.it/sogeo-milano
Co.Ge.Di. Impresa Edile;Via Clasio, 1;MI;Milano;51557;02 42443913, 338 8292219;338 8292219;co.ge.di.srl16@gmail.com;;https://www.paginegialle.it/cogedi-impresa-edile-milano
Termoidraulica al Aith Ahmad;Via Panfilo Castaldi, 29;MI;Milano;51557;339 5664884;339 5664884;amedeoimpianti99@hotmail.com;;https://www.paginegialle.it/termoidraulica-di-al-aith-ahmad
Piccolillo Sas;Via Montebello, 13;PV;Codevilla;32350;0383 052048, 388 7446770;388 7446770;piccolillo@piccolillo.it;https://www.piccolillosas.it;https://www.paginegialle.it/impresaedilepiccolillo
Artdeco' Ristrutturazioni Srls;Via del Gonfalone, 3;MI;Milano;51557;334 2289773;;;;https://www.paginegialle.it/artdecoristrutturazionisrls-milano
Compiuto;Via della Moscova, 40;MI;Milano;51557;392 8210676;;gimbo75@gmail.com;;https://www.paginegialle.it/compiuto-milano
Costruzioni Immobiliari S.r.l.;Corso Buenos Aires, 49;MI;Milano;51557;327 5866843;327 5866843;costru.immob@yahoo.it;https://costruimmob.it;https://www.paginegialle.it/costruzioni-immobiliari-s-r-l-milano
Edilizia Macari;Via Francesco Paolo Michetti, 11;MI;Milano;51557;333 9554477;333 9554477;;https://www.ediliziamacari.com;https://www.paginegialle.it/ediliziamacari-milano
Italfem Group S.r.l.;Via Mauro Macchi, 8;MI;Milano;51557;328 9026545;;info@italfemgroup.it;https://www.italfemgroup.it/;https://www.paginegialle.it/italfem-group-s-r-l-milano
Edilizia Supershield Srls;Strada Provinciale Milano, snc;MI;Milano;51557;347 5343793;347 5343793;;;https://www.paginegialle.it/ediliziasupershieldsrls-milano
Alex Service;Viale Molise, 46;MI;Milano;51557;347 1183552;347 1183552;;https://alexservice.business.site;https://www.paginegialle.it/alexservice-milano
Antonio Arcerito A.S. Costruzioni - Ristrutturazione Casa;Via Sardegna, 32;MI;Milano;51557;335 5653015;335 5653015;;https://as-costruzioni.business.site/?utm_source=gmb&utm_medium=referral;https://www.paginegialle.it/antonioarceritoascostruzioni-ristrutturazionecasa-milano
arcangelo;Piazza Generale Armando Diaz, snc;MI;Milano;51557;393 0730931;393 0730931;;;https://www.paginegialle.it/arcangelo-milano
Arte & Gesso Arreda;Via Rosolino Pilo, 10;MI;Milano;51557;02 29521916;;;https://artegessoarreda.it;https://www.paginegialle.it/artegessoarreda-milano
Art'Edile.Colore di Mahmoud Ahmed El Shaik Ahmed;Via Soperga, 22;MI;Milano;51557;388 1128144;388 1128144;;;https://www.paginegialle.it/artedilecoloredimahmoudahmedelshaikahmed-milano
Artigiani Associati Lombardi S.r.l.;Via Luisa Battistotti Sassi, 28;MI;Milano;51557;02 39288852;;;;https://www.paginegialle.it/artigianiassociatilombardisrl-milano
Attia Group Srl Costruzioni Generali;Via Giovanni Zambelli, snc;MI;Milano;51557;389 6913726;389 6913726;;;https://www.paginegialle.it/attiagroupsrlcostruzionigenerali-milano
Aurora costruzioni srls;Via Montenapoleone, 8;MI;Milano;51557;02 30316610;;;http://www.auroracostruzionisrls.it;https://www.paginegialle.it/auroracostruzionisrls-milano
Cairome;Via Padova, 320;MI;Milano;51557;388 4795177;388 4795177;;http://linkedin.com/in/cairome;https://www.paginegialle.it/cairome-milano
CasaFacileRistrutturare;Via Ruggero Boscovich, snc;MI;Milano;51557;329 8437695;;;;https://www.paginegialle.it/casafacileristrutturare-milano
Cubo A.P.E.;Via Montenapoleone, snc;MI;Milano;51557;345 7930936;;;;https://www.paginegialle.it/cuboape-milano-1
Ditta Edile Ristrutturazione Appartamenti;Via Costantino Baroni, 23;MI;Milano;51557;333 2037281;333 2037281;;;https://www.paginegialle.it/dittaedileristrutturazioneappartamenti-milano
Edil rahwaneco;Via dei Salici, snc;MI;Milano;51557;388 6990755;388 6990755;;https://www.edilrahwaneco.com;https://www.paginegialle.it/edilrahwaneco-milano
Edil Restauri S.r.l;Via Leone Tolstoj, 24;MI;Milano;51557;02 83632732;;;;https://www.paginegialle.it/edilrestaurisrl-milano
Edil team srls;Viale Mario Rapisardi, snc;MI;Milano;51557;333 5480081;333 5480081;;;https://www.paginegialle.it/edilteamsrls-milano
EdilservicePiero;Via Fratelli Rosselli, 23;MI;Milano;51557;348 0926778;348 0926778;;https://www.edilservicepiero.altervista.org;https://www.paginegialle.it/edilservicepiero-milano
Elsayed Hussein Mohamed ebaia;Via Matteo Maria Boiardo, snc;MI;Milano;51557;351 2346911;;;;https://www.paginegialle.it/elsayedhusseinmohamedebaia-milano
Folgeo srl ristrutturazioni;Via Giorgio Castelli, 9;MI;Milano;51557;389 7997096;;;;https://www.paginegialle.it/folgeosrlristrutturazioni-milano
Gb Costruzioni Edili;Via Carlo Imbonati, 3;MI;Milano;51557;328 3386782;328 3386782;;https://gb-costruzioniedili.it/;https://www.paginegialle.it/gbcostruzioniedili-milano
Gessista Idraulico Tito;Via Paolo Frisi No., 10;MI;Milano;51557;388 3088347;388 3088347;r.gaber.1234@gmail.com;;https://www.paginegialle.it/gessistaidraulicotito
Gruppo Lomacci & Partners General Contractor;Via Giuseppe Pozzone, 5;MI;Milano;51557;02 8052851;;;https://www.lomacci.it;https://www.paginegialle.it/gruppolomaccipartnersgeneralcontractor-milano
Gruppo Omar Gessi Srl;Via Taormina, 2;MI;Milano;51557;339 7524858;339 7524858;;;https://www.paginegialle.it/gruppoomargessisrl-milano
Imprendere e costruire S.r.l.;Viale Regina Margherita, snc;MI;Milano;51557;391 1450204;391 1450204;;;https://www.paginegialle.it/imprendereecostruiresrl-milano
ImpresaMalek SRLS;Via Dalmazio Birago, 2;MI;Milano;51557;338 8516947;338 8516947;;https://www.facebook.com/impresamalek/;https://www.paginegialle.it/impresamaleksrls-milano
Milano Ristruttura;Via Antonio Pasinetti, 11;MI;Milano;51557;345 8697577;345 8697577;;https://www.milanoristruttura.com;https://www.paginegialle.it/milanoristruttura-milano
Nuova Edil Milano Dinnoo S.r.l.;Corso Buenos Aires, 25;MI;Milano;51557;02 29527888;;;https://www.nuovaedilmilanodinnoo.it/;https://www.paginegialle.it/nuovaedilmilanodinnoosrl-milano
Oikos ristrutturazioni milano;Viale Monza, 61;MI;Milano;51557;393 9251170;393 9251170;;https://www.oikosristrutturazioni.it;https://www.paginegialle.it/oikos-milano
Progetto Europa Service srls;Via Varesina, snc;MI;Milano;51557;388 491592;;;;https://www.paginegialle.it/progettoeuropaservicesrls-milano
Reda Soltan;Via Antonio Fontanesi, snc;MI;Milano;51557;334 1505525;;;;https://www.paginegialle.it/redasoltan-milano
Ristrutturazioni;Via Ruggero Boscovich, 27;MI;Milano;51557;380 8925993;380 8925993;;http://www.finedilristruttura.it;https://www.paginegialle.it/ristrutturazioni-milano
Ristrutturazioni Siklo;Viale Tibaldi, snc;MI;Milano;51557;393 8908412;393 8908412;;;https://www.paginegialle.it/ristrutturazionisiklo-milano
Rizzuti CostruzioniÂ® S.r.l.s.;Corso Buenos Aires, 52;MI;Milano;51557;370 1331685;370 1331685;;http://rizzuti-costruzioni.business.site;https://www.paginegialle.it/rizzuticostruzionisrls-milano
Semplicasa;Via San Gregorio, 6;MI;Milano;51557;346 3528396;;;;https://www.paginegialle.it/semplicasa-milano
Stars edile;Quartiere Viale Monza, snc;MI;Milano;51557;389 4668303;;;;https://www.paginegialle.it/starsedile-milano
Synedil S.r.l;Via Gioacchino Murat, snc;MI;Milano;51557;335 6006261;335 6006261;;https://www.synedil.it;https://www.paginegialle.it/synedilsrl-milano
Tecnofin srl;Via Luigi Settembrini, 35;MI;Milano;51557;031 5140055;;;;https://www.paginegialle.it/tecnofinsrl-milano
Velox Srl;Via San Romanello, 48;MI;Milano;51557;351 0089417;351 0089417;;https://www.veloxsrl.com;https://www.paginegialle.it/veloxsrl-milano
ZenoniChiarasnc;Largo Carlo Alberto dalla Chiesa, snc;MI;Milano;51557;347 1047286;347 1047286;;;https://www.paginegialle.it/zenonichiarasnc-milano
Roger Group S.p.a.;Viale Papa Achille, 30;MI;Milano;51557;02 33007339;;;;https://www.paginegialle.it/milano-mi/roger-group-socio-unico
Nuova Edil Costruzioni S.n.c. di Scaravilli Alessandro e Salvatore;Via Padova, 232;MI;Milano;51557;02 8463991, 02 87238167, 366 4406266;366 4406266;;;https://www.paginegialle.it/milano-mi/nuova-edil-costruzioni-scaravilli-alessandro-salva
City Residence Milano S.r.l. in Liquidaziione;Viale Vincenzo Lancetti, 24;MI;Milano;51557;02 39321094, 02 36597040, 331 1825320, 02 36597042;331 1825320;;;https://www.paginegialle.it/milano-mi/city-residence-milano
Edilcasa Multiservice S.r.l.;Via Bagarotti Maffeo, 44;MI;Milano;51557;328 5441598;328 5441598;;;https://www.paginegialle.it/milano-mi/imprese-edili/edilcasa-multiservice-s-r-l
Crocitto Luca;Via Monte Rosa, 76;MI;Milano;51557;338 5257683;338 5257683;;;https://www.paginegialle.it/milano-mi/imprese-edili/crocitto-luca
Milano Ristrutturazione Casa;101, Via Asiago;MI;Milano;51557;02 36558052;;;;https://www.paginegialle.it/milano-mi/imprese-edili/milano-ristrutturazione-casa
Sitem S.r.l.;Via Timavo, 34;MI;Milano;51557;02 51879639;;;;https://www.paginegialle.it/san-donato-milanese-mi/imprese-edili/ristorante-borgo-bagnolo
Edilcoira S.r.l.;Via Bonfadini Romualdo, 95;MI;Milano;51557;02 5063153;;;;https://www.paginegialle.it/milano-mi/imprese-edili/edilcoira
Mida Group S.r.l.;Via Mascagni Pietro, 33;MI;Milano;51557;02 76021229, 339 2389169, 338 8881301, 360 000086400, 333 3440617;339 2389169, 338 8881301, 360 000086400, 333 3440617;;;https://www.paginegialle.it/milano-mi/imprese-edili/mida-group
Edil C.M.C. S.r.l.;Piazza Castelli Pompeo, 10;MI;Milano;51557;02 39258163;;;;https://www.paginegialle.it/milano-mi/imprese-edili/edil-c-m-c_2
Mastras S.a.s. di Pietro Mandarano & C.;Viale Majno Luigi, 31;MI;Milano;51557;345 4602654;345 4602654;;;https://www.paginegialle.it/milano-mi/imprese-edili/facility-casa
3 D Elle di Daniele Rosellini;Via Bandello Matteo, 15;MI;Milano;51557;389 0957967;389 0957967;;;https://www.paginegialle.it/milano-mi/imprese-edili/3-d-elle-di-daniele-rosellini
60 Lodi S.r.l.s.;Corso Lodi, 60;MI;Milano;51557;02 46511590;;;;https://www.paginegialle.it/milano-mi/60-lodi-s-r-l-s
A. Beretta S.r.l.;Via Sacchini Antonio, 27;MI;Milano;51557;02 2619041;;;;https://www.paginegialle.it/milano-mi/imprese-edili/impresa-edile-a.-beretta
A.B. Contract S.a.s. di Alessandro Beccaletto & C.;Via De Lemene Francesco, 24;MI;Milano;51557;02 33403441;;;;https://www.paginegialle.it/milano-mi/imprese-edili/a-b-contract-alessandro-beccaletto-c
Ab Costruzioni & Ristrutturazioni S.r.l. in Liquidazione;Galleria Buenos Aires, 13;MI;Milano;51557;338 9056332;338 9056332;;;https://www.paginegialle.it/milano-mi/imprese-edili/ab-costruzioni-ristrutturazioni
Abdalla Adel Ali Moawad;Via Bolzano, 25;MI;Milano;51557;333 2670080;333 2670080;;;https://www.paginegialle.it/milano-mi/imprese-edili/abdalla-adel-ali-moawad
A.B.P. - Societa' a Responsabilita' Limitata;Via Settembrini Luigi, 54;MI;Milano;51557;02 43419005;;;;https://www.paginegialle.it/milano-mi/a-b-p-societa-responsabilita-limitata
Adam S.a.s. di Assenou Youssef e C.;Piazza Prealpi, 4;MI;Milano;51557;338 9041502;338 9041502;;;https://www.paginegialle.it/milano-mi/imprese-edili/adam-s-a-s-di-assenou-youssef-e-c
Adriano 81 S.p.a.;Via Adriano Publio Elio, 81;MI;Milano;51557;02 26309070;;;;https://www.paginegialle.it/milano-mi/imprese-edili/adriano-81_2
Aediltekne S.r.l.;Via Sebenico, 11;MI;Milano;51557;02 37011124, 02 37011126;;;;https://www.paginegialle.it/milano-mi/imprese-edili/aediltekne
A.E.P. Attivita' Edilizie Pavesi S.p.a.;Via dei Fontanili, 1;MI;Milano;51557;0384 87796;;;;https://www.paginegialle.it/milano-mi/imprese-edili/a-e-p-attivita-edilizie-pavesi
A.E.P. Attivita' Edilizie Pavesi S.p.a.;Via Ricasoli Bettino, 2;MI;Milano;51557;;;;;https://www.paginegialle.it/milano-mi/imprese-edili/a.e.p.-attivita-edilizie-pavesi_2
A.F.I. Hydroelectric S.n.c. di Asperti Giovanni ed Asperti Paolo Isaia;Via Sapri, 16;MI;Milano;51557;02 3083254;;;;https://www.paginegialle.it/milano-mi/imprese-edili/a.f.i.-hydroelectric-asperti-giovanni-asperti-paol
A&G Costruzioni - Building The Future Societa' a Responsabilita'L Imitata Semplificata;Via Hoepli Ulrico, 3;MI;Milano;51557;02 54076752;;;;https://www.paginegialle.it/milano-mi/costruzioni-building-the-future-societa-responsabi
Agf di Goncalves Ferreira Agerson;Via Marco Porcio Catone, 23;MI;Milano;51557;389 6966203;389 6966203;;;https://www.paginegialle.it/milano-mi/imprese-edili/agf-di-goncalves-ferreira-agerson
Agicon S.r.l.;Viale Zara, 124;MI;Milano;51557;02 6687086;;;;https://www.paginegialle.it/milano-mi/imprese-edili/agicon
Agnoletto S.r.l.;Via Montebello, 29;MI;Milano;51557;02 55192808;;;;https://www.paginegialle.it/milano-mi/imprese-edili/agnoletto_3
Aico Uno S.r.l.;Cavalcavia Ghisallo;MI;Milano;51557;389 2929299, 389 6064341;389 2929299, 389 6064341;;;https://www.paginegialle.it/milano-mi/ristrutturazione-bagni-aico
Alba S.r.l.;Via Martignoni Adele, 27;MI;Milano;51557;02 64086223;;;;https://www.paginegialle.it/milano-mi/alba-s-r-l_20808770
Al.Bo Costruzioni Edili S.r.l.;Via Nievo Ippolito, 8;MI;Milano;51557;02 4981406;;;;https://www.paginegialle.it/milano-mi/imprese-edili/al.bo-costruzioni-edili
Allestimenti Th di Khalil Taha;Via Poliziano Angelo, 10;MI;Milano;51557;02 88302116;;;;https://www.paginegialle.it/milano-mi/allestimenti-th-khalil-taha
Almanar S.r.l.;Via Privata Gianferrari V., 4;MI;Milano;51557;02 45496135;;;;https://www.paginegialle.it/milano-mi/imprese-edili/almanar-s-r-l
Alpi Due S.r.l.;Via Guerrazzi Francesco Domenico, 4;MI;Milano;51557;0461 984010, 0461 984100, 348 2513941;348 2513941;;http://www.hotelbaiacaddinas.it;https://www.paginegialle.it/milano-mi/imprese-edili/alpi-due
Alpina Costruzioni S.p.a.;Via Giovanni da Procida, 6;MI;Milano;51557;02 48513572, 346 7975544;346 7975544;;;https://www.paginegialle.it/milano-mi/imprese-edili/alpina-costruzioni_2
Alutekna Industrie S.r.l.;Via Gioia Melchiorre, 72;MI;Milano;51557;02 66980910;;;;https://www.paginegialle.it/milano-mi/imprese-edili/alutekna-industrie-s-r-l
Ama Professionisti S.n.c. dei F.lli A. e D. Marsano;Via Perugino, 32;MI;Milano;51557;02 45940514;;;;https://www.paginegialle.it/milano-mi/imprese-edili/ama-professionisti-s-n-c-dei-f-lli-a-e-d-marsano
Ambrostrutture S.r.l.;Via Bottego Vittorio, 11;MI;Milano;51557;338 9777395;338 9777395;;;https://www.paginegialle.it/milano-mi/imprese-edili/ambrostrutture
Ananda S.r.l. in Liquidazione;Viale Abruzzi, 32;MI;Milano;51557;02 29404341;;;;https://www.paginegialle.it/milano-mi/imprese-edili/impresa-minotti
Anda Costruzioni;5, Via Metauro;MI;Milano;51557;02 22225238;;;;https://www.paginegialle.it/milano-mi/imprese-edili/anda-costruzioni
Apa Costruzioni Generali S.r.l.;Via dei Piatti, 2;MI;Milano;51557;335 6064808;335 6064808;;;https://www.paginegialle.it/milano-mi/imprese-edili/apa-costruzioni-generali-s-r-l
A.R. Costruzioni Generali S.r.l.;Via Romano Giulio, 23;MI;Milano;51557;02 58308007;;;;https://www.paginegialle.it/milano-mi/imprese-edili/a.r.-costruzioni-generali
Arc Line S.r.l.;Via Rembrandt Paolo, 27;MI;Milano;51557;333 5719743;333 5719743;;;https://www.paginegialle.it/milano-mi/imprese-edili/arc-line-s-r-l
Arc Line S.r.l.;Via Pisanello, 16;MI;Milano;51557;;;;;https://www.paginegialle.it/milano-mi/imprese-edili/arc-line
Archetipo S.r.l.;Corso Lodi, 90;MI;Milano;51557;02 57300723;;;;https://www.paginegialle.it/milano-mi/stucchi-decorativi/archetipo
Archetipo S.r.l.;Piazza Ghirlandaio Domenico, 7;MI;Milano;51557;02 57300723;;;;https://www.paginegialle.it/milano-mi/imprese-edili/archetipo-s-r-l
Archi R.E.D. Group;3, Via Giovanni Ventura;MI;Milano;51557;02 37901263;;;;https://www.paginegialle.it/milano-mi/imprese-edili/archi-r-e-d-group
Archingegno ( Servizi per L'Edilizia ) S.r.l.;Via Rugabella, 10;MI;Milano;51557;02 87197623, 328 3615990, 095 8998879, 02 87197645;328 3615990;;;https://www.paginegialle.it/milano-mi/imprese-edili/archingegno-servizi-edilizia
Arco Impresa Edile di Donno;7, Via Delle Azalee;MI;Milano;51557;02 4158420;;;;https://www.paginegialle.it/milano-mi/imprese-edili/arco-impresa-edile-donno
Arcobaleno S.r.l.;Via Palmanova, 135;MI;Milano;51557;02 26301603, 02 26306848;;;;https://www.paginegialle.it/milano-mi/arcobaleno
Arcon di Alfredo Rafael Condori Cuya;Via Colonna Marco Antonio, 12;MI;Milano;51557;02 50306404;;;;https://www.paginegialle.it/milano-mi/arcon-alfredo-rafael-condori-cuya
Arcon di Alfredo Rafael Condori Cuya;Via Bassi Paolo, 22;MI;Milano;51557;02 51826346;;;;https://www.paginegialle.it/milano-mi/imprese-edili/arcon-alfredo-rafael-condori-cuya
Ark 3p Real Estate Societa' a Responsabilita'Limitata Semplificata;Via Sammartini Giovanni Battista, 23;MI;Milano;51557;02 80897637, 02 49429614;;;;https://www.paginegialle.it/milano-mi/ark-3p-real-estate-societa-responsabilita-limitata
Art & Co Srl;14, Viale Coni Zugna;MI;Milano;51557;02 48516519;;;;https://www.paginegialle.it/milano-mi/art-co
Art Edil Ristrutturazioni di Vigliarolo Fabio;Via Castel Morrone, 19;MI;Milano;51557;329 6166174;329 6166174;;;https://www.paginegialle.it/milano-mi/imprese-edili/art-edil-ristrutturazioni-di-vigliarolo-fabio
Arte e Ambienti S.r.l.;Viale Monte Grappa, 14;MI;Milano;51557;02 27015995;;;;https://www.paginegialle.it/milano-mi/imprese-edili/arte-ambiente
Artecasa S.r.l.;Via Amadeo Giovanni Antonio, 40;MI;Milano;51557;02 35943480, 800 660841, 02 38230698;;;;https://www.paginegialle.it/milano-mi/imprese-edili/artecasa
Artedile Due Semplificata;Via Corrado II Il Salico, 8;MI;Milano;51557;02 84800241, 393 9608595;393 9608595;;;https://www.paginegialle.it/milano-mi/imprese-edili/artedile-due-semplificata
A.S. Costruzioni S.r.l.;Via Sardegna, 32;MI;Milano;51557;335 5653015;335 5653015;;;https://www.paginegialle.it/milano-mi/imprese-edili/a-s-costruzioni-s-r-l
As Gen.Co S.r.l.;Via Traiano Marco Ulpio, 35/A;MI;Milano;51557;02 64135384;;;;https://www.paginegialle.it/milano-mi/imprese-edili/as-gen-co-s-r-l
As Gen.Co S.r.l.;Via Montefeltro, 6;MI;Milano;51557;02 46515413;;;;https://www.paginegialle.it/milano-mi/as-gen-co
Edilizia Futura S.a.s. di Piazzolla Ursula e C.;Via dei Ciclamini, 18;MI;Milano;51557;334 2205974;334 2205974;;;https://www.paginegialle.it/milano-mi/a-s-d-accademia-calcio-milano
Aseco S.a.s. di Alessandro Sesini & C.;Corso S. Gottardo, 3;MI;Milano;51557;02 58106801;;;;https://www.paginegialle.it/milano-mi/imprese-edili/aseco-s-a-s-di-alessandro-sesini-and-c
Aseco S.r.l.;Corso S. Gottardo, 3;MI;Milano;51557;02 58106801, 02 700400809;;;;https://www.paginegialle.it/milano-mi/impresa-edile-aseco
Aseco S.r.l.;Viale Bacchiglione, 20;MI;Milano;51557;02 58106801, 02 700400809;;;;https://www.paginegialle.it/milano-mi/imprese-edili/aseco-s-r-l
Taclab di Panizza Matteo;Via Castelbarco Gian Carlo;MI;Milano;51557;338 5363967, 334 1016916;338 5363967, 334 1016916;;;https://www.paginegialle.it/milano-mi/imprese-edili/ask-teo
Associazione Cooperativa Muratori & Affini Ravenna Societa' Coo Perativa per Azioni Brevemente;Via Rogoredo, 8;MI;Milano;51557;02 51627184;;;;https://www.paginegialle.it/milano-mi/imprese-edili/acmar-s-c-p-a_2
Astaldi S.p.a.;Via Carbonera Azzo, 1;MI;Milano;51557;393 9257928;393 9257928;;;https://www.paginegialle.it/milano-mi/imprese-edili/astaldi-s-p-a
Asti S.r.l.;Via Campazzino, 47;MI;Milano;51557;02 89509992, 02 84810594, 02 89513184;;;;https://www.paginegialle.it/milano-mi/imprese-edili/asti-lattoneria-edile
A.T. Marmo Service S.r.l.;Via Ferraris Galileo, 11;MI;Milano;51557;02 9307167, 335 6156424;335 6156424;;;https://www.paginegialle.it/milano-mi/a-t-marmo-service
A.T. Toptaglio S.r.l.;Via Taormina, 2;MI;Milano;51557;02 72546769;;;;https://www.paginegialle.it/milano-mi/imprese-edili/a-t-toptaglio-s-r-l
Atena - S.r.l.;Via Maroncelli Pietro, 17;MI;Milano;51557;02 58103715;;;;https://www.paginegialle.it/milano-mi/imprese-edili/atena-s-r-l
Attia Group Srl Costruzioni Generali;Via Monte S. Genesio, 2;MI;Milano;51557;02 61876474;;;;https://www.paginegialle.it/milano-mi/imprese-edili/attia-group-srl-costruzioni-generali
Attila Group S.r.l.;Via Varesina, 213;MI;Milano;51557;380 2693009;380 2693009;;;https://www.paginegialle.it/milano-mi/attila-group-s-r-l
Aurora Costruzioni Srls;Via Montenapoleone, 8;MI;Milano;51557;02 30316610;;;;https://www.paginegialle.it/milano-mi/imprese-edili/aurora-costruzioni-srls
Ausglobe Team S.r.l.;Via Ponte Seveso, 19;MI;Milano;51557;346 4028375;346 4028375;;;https://www.paginegialle.it/milano-mi/ingegneria/ausglobe-team
Az Costruzioni S.r.l.;Via Settembrini Luigi, 3;MI;Milano;51557;02 87128551, 02 87128552, 02 87128553;;;;https://www.paginegialle.it/milano-mi/az-costruzioni-az-costruzioni
B e B di Brasi e C. S.n.c.;Viale Sturzo Don Luigi, 18;MI;Milano;51557;336 801902, 348 7107372;336 801902, 348 7107372;;;https://www.paginegialle.it/milano-mi/imprese-edili/brasi-c
B V R  Costruzioni Edili Scrl;Via degli Umiliati, 2;MI;Milano;51557;02 58012981, 02 99982118, 02 99982119;;;;https://www.paginegialle.it/milano-mi/imprese-edili/b.v.r.-costruzioni-edili
Baldi Group S.r.l.;Viale Testi Fulvio, 33/5;MI;Milano;51557;02 6438442;;;;https://www.paginegialle.it/milano-mi/imprese-edili/baldi-group-s-r-l
Baumont S.r.l.;Via San Gregorio, 4;MI;Milano;51557;338 8485010;338 8485010;;;https://www.paginegialle.it/milano-mi/imprese-edili/baumont-s-r-l
Baumont S.r.l.;Via Santa Croce, 4;MI;Milano;51557;338 8485010;338 8485010;;;https://www.paginegialle.it/milano-mi/baumont
Be.Edil S.r.l.s.;Via Cascina Bellaria, 97;MI;Milano;51557;02 4523611;;;;https://www.paginegialle.it/milano-mi/be-edil
Belcastro Costruzioni;Corso Como, 5;MI;Milano;51557;;;;;https://www.paginegialle.it/milano-mi/imprese-edili/belcastro-costruzioni
Bellani Ing. Guido e C. S.p.a. Impresa di Costruzioni Edili;Via Mascheroni Lorenzo, 23;MI;Milano;51557;02 4691814, 02 4984712, 02 4984752;;;;https://www.paginegialle.it/milano-mi/imprese-edili/bellani-ing.-guido-c.-impresa-costruzi
Belloni Impresa Edile S.r.l.;Via Domenichino, 16;MI;Milano;51557;02 48009130;;;;https://www.paginegialle.it/milano-mi/imprese-edili/belloni-impresa-edile
Belpiave 4 S.a.s. di Corinna Ricco e C.;Via Bellotti Felice, 1;MI;Milano;51557;02 29519831;;;;https://www.paginegialle.it/milano-mi/belpiave-4-corinna-ricco-c.
Bencini e Ricciardi S.r.l. Restauri Edili;Via Novara, 15;MI;Milano;51557;335 8297989;335 8297989;;;https://www.paginegialle.it/milano-mi/imprese-edili/bencini-e-ricciardi-s-r-l-restauri-edili
Impresa Ingg. Bertani Baselli &C.;Via De Cristoforis Carlo, 12;MI;Milano;51557;02 29002256, 02 6599881;;;;https://www.paginegialle.it/milano-mi/industriale-manutenzione/impresa-ingg.bertani-baselli-c.
Bevacqua S.r.l. Global Services;( Ge;MI;Milano;51557;02 2552182;;;;https://www.paginegialle.it/milano-mi/imprese-edili/bevacqua-s-r-l-global-services
Bew Group S.r.l.;Viale Gran Sasso, 15;MI;Milano;51557;800 034283;;;;https://www.paginegialle.it/milano-mi/imprese-edili/bew-group-s-r-l
Bi Tre Costruzioni S.r.l.;Via Monti Vincenzo, 71;MI;Milano;51557;02 87244613, 02 87244612;;;;https://www.paginegialle.it/milano-mi/imprese-edili/bi-tre-costruzioni-s-r-l
Bianchi Ristrutturazioni di Bianchi Silvano & C. S.a.s.;Piazza Ss. TrinitÃ , 9;MI;Milano;51557;391 7220012;391 7220012;;;https://www.paginegialle.it/milano-mi/imprese-edili/bianchi-ristrutturazioni-di-bianchi-silvano-and-c-s
